No.;Kode Provinsi;Provinsi;Kode Kabupaten/Kota (BPS);Kabupaten/Kota;Kode Kecamatan (BPS);Kecamatan;Kode Kecamatan (Kemendagri);Nama Kecamatan (Kemendagri);Jumlah Rumah Tangga;Satuan;Tahun
1;32;JAWA BARAT;3201;KABUPATEN BOGOR;3201140;BABAKAN MADANG;320105;BABAKAN MADANG;18.887;Rumah Tangga;2020
2;32;JAWA BARAT;3201;KABUPATEN BOGOR;3201140;BABAKAN MADANG;320105;BABAKAN MADANG;91.636;Rumah Tangga;2021
3;32;JAWA BARAT;3201;KABUPATEN BOGOR;3201140;BABAKAN MADANG;320105;BABAKAN MADANG;91.348;Rumah Tangga;2022
4;32;JAWA BARAT;3201;KABUPATEN BOGOR;3201140;BABAKAN MADANG;320105;BABAKAN MADANG;47.348;Rumah Tangga;2023
5;32;JAWA BARAT;3201;KABUPATEN BOGOR;3201220;BOJONG GEDE;320113;BOJONG GEDE;25.752;Rumah Tangga;2020
6;32;JAWA BARAT;3201;KABUPATEN BOGOR;3201220;BOJONG GEDE;320113;BOJONG GEDE;71.866;Rumah Tangga;2021
7;32;JAWA BARAT;3201;KABUPATEN BOGOR;3201220;BOJONG GEDE;320113;BOJONG GEDE;71.485;Rumah Tangga;2022
8;32;JAWA BARAT;3201;KABUPATEN BOGOR;3201220;BOJONG GEDE;320113;BOJONG GEDE;72.720;Rumah Tangga;2023
9;32;JAWA BARAT;3201;KABUPATEN BOGOR;3201090;CARINGIN;320127;CARINGIN;58.309;Rumah Tangga;2020
10;32;JAWA BARAT;3201;KABUPATEN BOGOR;3201090;CARINGIN;320127;CARINGIN;68.239;Rumah Tangga;2021
11;32;JAWA BARAT;3201;KABUPATEN BOGOR;3201090;CARINGIN;320127;CARINGIN;68.037;Rumah Tangga;2022
12;32;JAWA BARAT;3201;KABUPATEN BOGOR;3201090;CARINGIN;320127;CARINGIN;92.553;Rumah Tangga;2023
13;32;JAWA BARAT;3201;KABUPATEN BOGOR;3201160;CARIU;320108;CARIU;10.619;Rumah Tangga;2020
14;32;JAWA BARAT;3201;KABUPATEN BOGOR;3201160;CARIU;320108;CARIU;86.629;Rumah Tangga;2021
15;32;JAWA BARAT;3201;KABUPATEN BOGOR;3201160;CARIU;320108;CARIU;86.518;Rumah Tangga;2022
16;32;JAWA BARAT;3201;KABUPATEN BOGOR;3201160;CARIU;320108;CARIU;30.001;Rumah Tangga;2023
17;32;JAWA BARAT;3201;KABUPATEN BOGOR;3201050;CIAMPEA;320115;CIAMPEA;43.313;Rumah Tangga;2020
18;32;JAWA BARAT;3201;KABUPATEN BOGOR;3201050;CIAMPEA;320115;CIAMPEA;62.170;Rumah Tangga;2021
19;32;JAWA BARAT;3201;KABUPATEN BOGOR;3201050;CIAMPEA;320115;CIAMPEA;62.172;Rumah Tangga;2022
20;32;JAWA BARAT;3201;KABUPATEN BOGOR;3201050;CIAMPEA;320115;CIAMPEA;91.955;Rumah Tangga;2023
21;32;JAWA BARAT;3201;KABUPATEN BOGOR;3201100;CIAWI;320124;CIAWI;29.955;Rumah Tangga;2020
22;32;JAWA BARAT;3201;KABUPATEN BOGOR;3201100;CIAWI;320124;CIAWI;77.344;Rumah Tangga;2021
23;32;JAWA BARAT;3201;KABUPATEN BOGOR;3201100;CIAWI;320124;CIAWI;76.978;Rumah Tangga;2022
24;32;JAWA BARAT;3201;KABUPATEN BOGOR;3201100;CIAWI;320124;CIAWI;65.184;Rumah Tangga;2023
25;32;JAWA BARAT;3201;KABUPATEN BOGOR;3201210;CIBINONG;320101;CIBINONG;31.869;Rumah Tangga;2020
26;32;JAWA BARAT;3201;KABUPATEN BOGOR;3201210;CIBINONG;320101;CIBINONG;46.932;Rumah Tangga;2021
27;32;JAWA BARAT;3201;KABUPATEN BOGOR;3201210;CIBINONG;320101;CIBINONG;47.074;Rumah Tangga;2022
28;32;JAWA BARAT;3201;KABUPATEN BOGOR;3201210;CIBINONG;320101;CIBINONG;124.537;Rumah Tangga;2023
29;32;JAWA BARAT;3201;KABUPATEN BOGOR;3201040;CIBUNGBULANG;320116;CIBUNGBULANG;46.964;Rumah Tangga;2020
30;32;JAWA BARAT;3201;KABUPATEN BOGOR;3201040;CIBUNGBULANG;320116;CIBUNGBULANG;105.482;Rumah Tangga;2021
31;32;JAWA BARAT;3201;KABUPATEN BOGOR;3201040;CIBUNGBULANG;320116;CIBUNGBULANG;105.567;Rumah Tangga;2022
32;32;JAWA BARAT;3201;KABUPATEN BOGOR;3201040;CIBUNGBULANG;320116;CIBUNGBULANG;88.939;Rumah Tangga;2023
33;32;JAWA BARAT;3201;KABUPATEN BOGOR;3201081;CIGOMBONG;320138;CIGOMBONG;30.163;Rumah Tangga;2020
34;32;JAWA BARAT;3201;KABUPATEN BOGOR;3201081;CIGOMBONG;320138;CIGOMBONG;36.472;Rumah Tangga;2021
35;32;JAWA BARAT;3201;KABUPATEN BOGOR;3201081;CIGOMBONG;320138;CIGOMBONG;36.221;Rumah Tangga;2022
36;32;JAWA BARAT;3201;KABUPATEN BOGOR;3201081;CIGOMBONG;320138;CIGOMBONG;49.443;Rumah Tangga;2023
37;32;JAWA BARAT;3201;KABUPATEN BOGOR;3201270;CIGUDEG;320122;CIGUDEG;52.488;Rumah Tangga;2020
38;32;JAWA BARAT;3201;KABUPATEN BOGOR;3201270;CIGUDEG;320122;CIGUDEG;59.651;Rumah Tangga;2021
39;32;JAWA BARAT;3201;KABUPATEN BOGOR;3201270;CIGUDEG;320122;CIGUDEG;59.663;Rumah Tangga;2022
40;32;JAWA BARAT;3201;KABUPATEN BOGOR;3201270;CIGUDEG;320122;CIGUDEG;99.262;Rumah Tangga;2023
41;32;JAWA BARAT;3201;KABUPATEN BOGOR;3201080;CIJERUK;320128;CIJERUK;36.160;Rumah Tangga;2020
42;32;JAWA BARAT;3201;KABUPATEN BOGOR;3201080;CIJERUK;320128;CIJERUK;110.948;Rumah Tangga;2021
43;32;JAWA BARAT;3201;KABUPATEN BOGOR;3201080;CIJERUK;320128;CIJERUK;110.559;Rumah Tangga;2022
44;32;JAWA BARAT;3201;KABUPATEN BOGOR;3201080;CIJERUK;320128;CIJERUK;59.111;Rumah Tangga;2023
45;32;JAWA BARAT;3201;KABUPATEN BOGOR;3201180;CILEUNGSI;320107;CILEUNGSI;17.684;Rumah Tangga;2020
46;32;JAWA BARAT;3201;KABUPATEN BOGOR;3201180;CILEUNGSI;320107;CILEUNGSI;131.724;Rumah Tangga;2021
47;32;JAWA BARAT;3201;KABUPATEN BOGOR;3201180;CILEUNGSI;320107;CILEUNGSI;131.665;Rumah Tangga;2022
48;32;JAWA BARAT;3201;KABUPATEN BOGOR;3201180;CILEUNGSI;320107;CILEUNGSI;64.809;Rumah Tangga;2023
49;32;JAWA BARAT;3201;KABUPATEN BOGOR;3201070;CIOMAS;320129;CIOMAS;20.744;Rumah Tangga;2020
50;32;JAWA BARAT;3201;KABUPATEN BOGOR;3201070;CIOMAS;320129;CIOMAS;53.991;Rumah Tangga;2021
51;32;JAWA BARAT;3201;KABUPATEN BOGOR;3201070;CIOMAS;320129;CIOMAS;54.118;Rumah Tangga;2022
52;32;JAWA BARAT;3201;KABUPATEN BOGOR;3201070;CIOMAS;320129;CIOMAS;73.186;Rumah Tangga;2023
53;32;JAWA BARAT;3201;KABUPATEN BOGOR;3201110;CISARUA;320125;CISARUA;28.711;Rumah Tangga;2020
54;32;JAWA BARAT;3201;KABUPATEN BOGOR;3201110;CISARUA;320125;CISARUA;59.817;Rumah Tangga;2021
55;32;JAWA BARAT;3201;KABUPATEN BOGOR;3201110;CISARUA;320125;CISARUA;59.521;Rumah Tangga;2022
56;32;JAWA BARAT;3201;KABUPATEN BOGOR;3201110;CISARUA;320125;CISARUA;46.105;Rumah Tangga;2023
57;32;JAWA BARAT;3201;KABUPATEN BOGOR;3201241;CISEENG;320133;CISEENG;31.974;Rumah Tangga;2020
58;32;JAWA BARAT;3201;KABUPATEN BOGOR;3201241;CISEENG;320133;CISEENG;57.386;Rumah Tangga;2021
59;32;JAWA BARAT;3201;KABUPATEN BOGOR;3201241;CISEENG;320133;CISEENG;56.952;Rumah Tangga;2022
60;32;JAWA BARAT;3201;KABUPATEN BOGOR;3201241;CISEENG;320133;CISEENG;61.931;Rumah Tangga;2023
61;32;JAWA BARAT;3201;KABUPATEN BOGOR;3201200;CITEUREUP;320103;CITEUREUP;25.637;Rumah Tangga;2020
62;32;JAWA BARAT;3201;KABUPATEN BOGOR;3201200;CITEUREUP;320103;CITEUREUP;91.335;Rumah Tangga;2021
63;32;JAWA BARAT;3201;KABUPATEN BOGOR;3201200;CITEUREUP;320103;CITEUREUP;90.909;Rumah Tangga;2022
64;32;JAWA BARAT;3201;KABUPATEN BOGOR;3201200;CITEUREUP;320103;CITEUREUP;102.047;Rumah Tangga;2023
65;32;JAWA BARAT;3201;KABUPATEN BOGOR;3201060;DRAMAGA;320130;DRAMAGA;26.996;Rumah Tangga;2020
66;32;JAWA BARAT;3201;KABUPATEN BOGOR;3201060;DRAMAGA;320130;DRAMAGA;79.516;Rumah Tangga;2021
67;32;JAWA BARAT;3201;KABUPATEN BOGOR;3201060;DRAMAGA;320130;DRAMAGA;79.084;Rumah Tangga;2022
68;32;JAWA BARAT;3201;KABUPATEN BOGOR;3201060;DRAMAGA;320130;DRAMAGA;62.904;Rumah Tangga;2023
69;32;JAWA BARAT;3201;KABUPATEN BOGOR;3201190;GUNUNG PUTRI;320102;GUNUNG PUTRI;13.819;Rumah Tangga;2020
70;32;JAWA BARAT;3201;KABUPATEN BOGOR;3201190;GUNUNG PUTRI;320102;GUNUNG PUTRI;71.891;Rumah Tangga;2021
71;32;JAWA BARAT;3201;KABUPATEN BOGOR;3201190;GUNUNG PUTRI;320102;GUNUNG PUTRI;72.357;Rumah Tangga;2022
72;32;JAWA BARAT;3201;KABUPATEN BOGOR;3201190;GUNUNG PUTRI;320102;GUNUNG PUTRI;96.284;Rumah Tangga;2023
73;32;JAWA BARAT;3201;KABUPATEN BOGOR;3201250;GUNUNG SINDUR;320111;GUNUNG SINDUR;13.819;Rumah Tangga;2020
74;32;JAWA BARAT;3201;KABUPATEN BOGOR;3201250;GUNUNG SINDUR;320111;GUNUNG SINDUR;58.890;Rumah Tangga;2021
75;32;JAWA BARAT;3201;KABUPATEN BOGOR;3201250;GUNUNG SINDUR;320111;GUNUNG SINDUR;58.744;Rumah Tangga;2022
76;32;JAWA BARAT;3201;KABUPATEN BOGOR;3201250;GUNUNG SINDUR;320111;GUNUNG SINDUR;41.117;Rumah Tangga;2023
77;32;JAWA BARAT;3201;KABUPATEN BOGOR;3201280;JASINGA;320119;JASINGA;50.395;Rumah Tangga;2020
78;32;JAWA BARAT;3201;KABUPATEN BOGOR;3201280;JASINGA;320119;JASINGA;41.710;Rumah Tangga;2021
79;32;JAWA BARAT;3201;KABUPATEN BOGOR;3201280;JASINGA;320119;JASINGA;41.966;Rumah Tangga;2022
80;32;JAWA BARAT;3201;KABUPATEN BOGOR;3201280;JASINGA;320119;JASINGA;77.154;Rumah Tangga;2023
81;32;JAWA BARAT;3201;KABUPATEN BOGOR;3201170;JONGGOL;320106;JONGGOL;36.651;Rumah Tangga;2020
82;32;JAWA BARAT;3201;KABUPATEN BOGOR;3201170;JONGGOL;320106;JONGGOL;63.171;Rumah Tangga;2021
83;32;JAWA BARAT;3201;KABUPATEN BOGOR;3201170;JONGGOL;320106;JONGGOL;62.825;Rumah Tangga;2022
84;32;JAWA BARAT;3201;KABUPATEN BOGOR;3201170;JONGGOL;320106;JONGGOL;81.003;Rumah Tangga;2023
85;32;JAWA BARAT;3201;KABUPATEN BOGOR;3201181;KELAPA NUNGGAL;320132;KLAPANUNGGAL;21.009;Rumah Tangga;2020
86;32;JAWA BARAT;3201;KABUPATEN BOGOR;3201181;KELAPA NUNGGAL;320132;KLAPANUNGGAL;68.288;Rumah Tangga;2021
87;32;JAWA BARAT;3201;KABUPATEN BOGOR;3201181;KELAPA NUNGGAL;320132;KLAPANUNGGAL;68.628;Rumah Tangga;2022
88;32;JAWA BARAT;3201;KABUPATEN BOGOR;3201181;KELAPA NUNGGAL;320132;KLAPANUNGGAL;58.715;Rumah Tangga;2023
89;32;JAWA BARAT;3201;KABUPATEN BOGOR;3201230;KEMANG;320112;KEMANG;24.348;Rumah Tangga;2020
90;32;JAWA BARAT;3201;KABUPATEN BOGOR;3201230;KEMANG;320112;KEMANG;82.468;Rumah Tangga;2021
91;32;JAWA BARAT;3201;KABUPATEN BOGOR;3201230;KEMANG;320112;KEMANG;82.364;Rumah Tangga;2022
92;32;JAWA BARAT;3201;KABUPATEN BOGOR;3201230;KEMANG;320112;KEMANG;43.548;Rumah Tangga;2023
93;32;JAWA BARAT;3201;KABUPATEN BOGOR;3201020;LEUWILIANG;320114;LEUWILIANG;56.629;Rumah Tangga;2020
94;32;JAWA BARAT;3201;KABUPATEN BOGOR;3201020;LEUWILIANG;320114;LEUWILIANG;45.980;Rumah Tangga;2021
95;32;JAWA BARAT;3201;KABUPATEN BOGOR;3201020;LEUWILIANG;320114;LEUWILIANG;45.864;Rumah Tangga;2022
96;32;JAWA BARAT;3201;KABUPATEN BOGOR;3201020;LEUWILIANG;320114;LEUWILIANG;77.909;Rumah Tangga;2023
97;32;JAWA BARAT;3201;KABUPATEN BOGOR;3201021;LEUWISADENG;320139;LEUWISADENG;33.875;Rumah Tangga;2020
98;32;JAWA BARAT;3201;KABUPATEN BOGOR;3201021;LEUWISADENG;320139;LEUWISADENG;53.028;Rumah Tangga;2021
99;32;JAWA BARAT;3201;KABUPATEN BOGOR;3201021;LEUWISADENG;320139;LEUWISADENG;52.901;Rumah Tangga;2022
100;32;JAWA BARAT;3201;KABUPATEN BOGOR;3201021;LEUWISADENG;320139;LEUWISADENG;60.631;Rumah Tangga;2023
101;32;JAWA BARAT;3201;KABUPATEN BOGOR;3201120;MEGAMENDUNG;320126;MEGAMENDUNG;27.429;Rumah Tangga;2020
102;32;JAWA BARAT;3201;KABUPATEN BOGOR;3201120;MEGAMENDUNG;320126;MEGAMENDUNG;64.549;Rumah Tangga;2021
103;32;JAWA BARAT;3201;KABUPATEN BOGOR;3201120;MEGAMENDUNG;320126;MEGAMENDUNG;64.193;Rumah Tangga;2022
104;32;JAWA BARAT;3201;KABUPATEN BOGOR;3201120;MEGAMENDUNG;320126;MEGAMENDUNG;67.273;Rumah Tangga;2023
105;32;JAWA BARAT;3201;KABUPATEN BOGOR;3201010;NANGGUNG;320121;NANGGUNG;39.749;Rumah Tangga;2020
106;32;JAWA BARAT;3201;KABUPATEN BOGOR;3201010;NANGGUNG;320121;NANGGUNG;82.229;Rumah Tangga;2021
107;32;JAWA BARAT;3201;KABUPATEN BOGOR;3201010;NANGGUNG;320121;NANGGUNG;82.019;Rumah Tangga;2022
108;32;JAWA BARAT;3201;KABUPATEN BOGOR;3201010;NANGGUNG;320121;NANGGUNG;68.909;Rumah Tangga;2023
109;32;JAWA BARAT;3201;KABUPATEN BOGOR;3201030;PAMIJAHAN;320117;PAMIJAHAN;47.634;Rumah Tangga;2020
110;32;JAWA BARAT;3201;KABUPATEN BOGOR;3201030;PAMIJAHAN;320117;PAMIJAHAN;61.441;Rumah Tangga;2021
111;32;JAWA BARAT;3201;KABUPATEN BOGOR;3201030;PAMIJAHAN;320117;PAMIJAHAN;61.204;Rumah Tangga;2022
112;32;JAWA BARAT;3201;KABUPATEN BOGOR;3201030;PAMIJAHAN;320117;PAMIJAHAN;13.923;Rumah Tangga;2023
113;32;JAWA BARAT;3201;KABUPATEN BOGOR;3201240;PARUNG;320110;PARUNG;20.965;Rumah Tangga;2020
114;32;JAWA BARAT;3201;KABUPATEN BOGOR;3201240;PARUNG;320110;PARUNG;97.682;Rumah Tangga;2021
115;32;JAWA BARAT;3201;KABUPATEN BOGOR;3201240;PARUNG;320110;PARUNG;97.470;Rumah Tangga;2022
116;32;JAWA BARAT;3201;KABUPATEN BOGOR;3201240;PARUNG;320110;PARUNG;58.715;Rumah Tangga;2023
117;32;JAWA BARAT;3201;KABUPATEN BOGOR;3201300;PARUNG PANJANG;320120;PARUNG PANJANG;28.947;Rumah Tangga;2020
118;32;JAWA BARAT;3201;KABUPATEN BOGOR;3201300;PARUNG PANJANG;320120;PARUNG PANJANG;77.019;Rumah Tangga;2021
119;32;JAWA BARAT;3201;KABUPATEN BOGOR;3201300;PARUNG PANJANG;320120;PARUNG PANJANG;76.637;Rumah Tangga;2022
120;32;JAWA BARAT;3201;KABUPATEN BOGOR;3201300;PARUNG PANJANG;320120;PARUNG PANJANG;76.708;Rumah Tangga;2023
121;32;JAWA BARAT;3201;KABUPATEN BOGOR;3201231;RANCA BUNGUR;320134;RANCA BUNGUR;20.785;Rumah Tangga;2020
122;32;JAWA BARAT;3201;KABUPATEN BOGOR;3201231;RANCA BUNGUR;320134;RANCA BUNGUR;64.407;Rumah Tangga;2021
123;32;JAWA BARAT;3201;KABUPATEN BOGOR;3201231;RANCA BUNGUR;320134;RANCA BUNGUR;64.297;Rumah Tangga;2022
124;32;JAWA BARAT;3201;KABUPATEN BOGOR;3201231;RANCA BUNGUR;320134;RANCA BUNGUR;33.808;Rumah Tangga;2023
125;32;JAWA BARAT;3201;KABUPATEN BOGOR;3201260;RUMPIN;320118;RUMPIN;51.389;Rumah Tangga;2020
126;32;JAWA BARAT;3201;KABUPATEN BOGOR;3201260;RUMPIN;320118;RUMPIN;97.240;Rumah Tangga;2021
127;32;JAWA BARAT;3201;KABUPATEN BOGOR;3201260;RUMPIN;320118;RUMPIN;97.341;Rumah Tangga;2022
128;32;JAWA BARAT;3201;KABUPATEN BOGOR;3201260;RUMPIN;320118;RUMPIN;83.474;Rumah Tangga;2023
129;32;JAWA BARAT;3201;KABUPATEN BOGOR;3201271;SUKAJAYA;320135;SUKAJAYA;39.180;Rumah Tangga;2020
130;32;JAWA BARAT;3201;KABUPATEN BOGOR;3201271;SUKAJAYA;320135;SUKAJAYA;96.505;Rumah Tangga;2021
131;32;JAWA BARAT;3201;KABUPATEN BOGOR;3201271;SUKAJAYA;320135;SUKAJAYA;96.243;Rumah Tangga;2022
132;32;JAWA BARAT;3201;KABUPATEN BOGOR;3201271;SUKAJAYA;320135;SUKAJAYA;59.479;Rumah Tangga;2023
133;32;JAWA BARAT;3201;KABUPATEN BOGOR;3201150;SUKAMAKMUR;320109;SUKAMAKMUR;47.758;Rumah Tangga;2020
134;32;JAWA BARAT;3201;KABUPATEN BOGOR;3201150;SUKAMAKMUR;320109;SUKAMAKMUR;48.749;Rumah Tangga;2021
135;32;JAWA BARAT;3201;KABUPATEN BOGOR;3201150;SUKAMAKMUR;320109;SUKAMAKMUR;48.414;Rumah Tangga;2022
136;32;JAWA BARAT;3201;KABUPATEN BOGOR;3201150;SUKAMAKMUR;320109;SUKAMAKMUR;65.821;Rumah Tangga;2023
137;32;JAWA BARAT;3201;KABUPATEN BOGOR;3201130;SUKARAJA;320104;SUKARAJA;28.679;Rumah Tangga;2020
138;32;JAWA BARAT;3201;KABUPATEN BOGOR;3201130;SUKARAJA;320104;SUKARAJA;31.000;Rumah Tangga;2021
139;32;JAWA BARAT;3201;KABUPATEN BOGOR;3201130;SUKARAJA;320104;SUKARAJA;30.857;Rumah Tangga;2022
140;32;JAWA BARAT;3201;KABUPATEN BOGOR;3201130;SUKARAJA;320104;SUKARAJA;96.355;Rumah Tangga;2023
141;32;JAWA BARAT;3201;KABUPATEN BOGOR;3201221;TAJUR HALANG;320137;TAJURHALANG;17.070;Rumah Tangga;2020
142;32;JAWA BARAT;3201;KABUPATEN BOGOR;3201221;TAJUR HALANG;320137;TAJURHALANG;53.440;Rumah Tangga;2021
143;32;JAWA BARAT;3201;KABUPATEN BOGOR;3201221;TAJUR HALANG;320137;TAJURHALANG;53.602;Rumah Tangga;2022
144;32;JAWA BARAT;3201;KABUPATEN BOGOR;3201221;TAJUR HALANG;320137;TAJURHALANG;41.288;Rumah Tangga;2023
145;32;JAWA BARAT;3201;KABUPATEN BOGOR;3201071;TAMANSARI;320131;TAMANSARI;21.264;Rumah Tangga;2020
146;32;JAWA BARAT;3201;KABUPATEN BOGOR;3201071;TAMANSARI;320131;TAMANSARI;37.427;Rumah Tangga;2021
147;32;JAWA BARAT;3201;KABUPATEN BOGOR;3201071;TAMANSARI;320131;TAMANSARI;37.317;Rumah Tangga;2022
148;32;JAWA BARAT;3201;KABUPATEN BOGOR;3201071;TAMANSARI;320131;TAMANSARI;54.417;Rumah Tangga;2023
149;32;JAWA BARAT;3201;KABUPATEN BOGOR;3201161;TANJUNGSARI;320136;TANJUNGSARI;11.285;Rumah Tangga;2020
150;32;JAWA BARAT;3201;KABUPATEN BOGOR;3201161;TANJUNGSARI;320136;TANJUNGSARI;40.976;Rumah Tangga;2021
151;32;JAWA BARAT;3201;KABUPATEN BOGOR;3201161;TANJUNGSARI;320136;TANJUNGSARI;41.293;Rumah Tangga;2022
152;32;JAWA BARAT;3201;KABUPATEN BOGOR;3201161;TANJUNGSARI;320136;TANJUNGSARI;38.085;Rumah Tangga;2023
153;32;JAWA BARAT;3201;KABUPATEN BOGOR;3201290;TENJO;320123;TENJO;35.156;Rumah Tangga;2020
154;32;JAWA BARAT;3201;KABUPATEN BOGOR;3201290;TENJO;320123;TENJO;55.402;Rumah Tangga;2021
155;32;JAWA BARAT;3201;KABUPATEN BOGOR;3201290;TENJO;320123;TENJO;55.902;Rumah Tangga;2022
156;32;JAWA BARAT;3201;KABUPATEN BOGOR;3201290;TENJO;320123;TENJO;53.546;Rumah Tangga;2023
157;32;JAWA BARAT;3201;KABUPATEN BOGOR;3201051;TENJOLAYA;320140;TENJOLAYA;25.912;Rumah Tangga;2020
158;32;JAWA BARAT;3201;KABUPATEN BOGOR;3201051;TENJOLAYA;320140;TENJOLAYA;51.234;Rumah Tangga;2021
159;32;JAWA BARAT;3201;KABUPATEN BOGOR;3201051;TENJOLAYA;320140;TENJOLAYA;51.063;Rumah Tangga;2022
160;32;JAWA BARAT;3201;KABUPATEN BOGOR;3201051;TENJOLAYA;320140;TENJOLAYA;51;Rumah Tangga;2023
