Kecamatan,RT_2020,RT_2021,RT_2022,RT_2023,Ukuran_Pasar_2023,Rata_Rata_Konsumen,Pertumbuhan_Pasar_Pct,Cluster,Nama_Segmen
BABAKAN MADANG,18.887,91.636,91.348,47.348,47.348,62.30475,150.69095144808597,2,Pasar Perintis / Skala Terbatas (Tier 3)
BOJONG GEDE,25.752,71.866,71.485,72.72,72.72,60.45575,182.38583410997208,1,Pusat Perdagangan Terbentuk / Skala Besar (Tier 2)
CARINGIN,58.309,68.239,68.037,92.553,92.553,71.78450000000001,58.72849817352381,1,Pusat Perdagangan Terbentuk / Skala Besar (Tier 2)
CARIU,10.619,86.629,86.518,30.001,30.001,53.441750000000006,182.52189471701666,2,Pasar Perintis / Skala Terbatas (Tier 3)
CIAMPEA,43.313,62.17,62.172,91.955,91.955,64.9025,112.30346547226004,1,Pusat Perdagangan Terbentuk / Skala Besar (Tier 2)
CIAWI,29.955,77.344,76.978,65.184,65.184,62.365249999999996,117.60640961442164,1,Pusat Perdagangan Terbentuk / Skala Besar (Tier 2)
CIBINONG,31.869,46.932,47.074,124.537,124.537,62.603,290.77787191314445,0,Hub Komersial & Pertumbuhan Agresif (Tier 1)
CIBUNGBULANG,46.964,105.482,105.567,88.939,88.939,86.738,89.37696959373136,1,Pusat Perdagangan Terbentuk / Skala Besar (Tier 2)
CIGOMBONG,30.163,36.472,36.221,49.443,49.443,38.074749999999995,63.919371415310145,2,Pasar Perintis / Skala Terbatas (Tier 3)
CIGUDEG,52.488,59.651,59.663,99.262,99.262,67.766,89.11370217954581,1,Pusat Perdagangan Terbentuk / Skala Besar (Tier 2)
CIJERUK,36.16,110.948,110.559,59.111,59.111,79.1945,63.47068584070797,1,Pusat Perdagangan Terbentuk / Skala Besar (Tier 2)
CILEUNGSI,17.684,131.724,131.665,64.809,64.809,86.47049999999999,266.4838271884189,1,Pusat Perdagangan Terbentuk / Skala Besar (Tier 2)
CIOMAS,20.744,53.991,54.118,73.186,73.186,50.509750000000004,252.8056305437717,0,Hub Komersial & Pertumbuhan Agresif (Tier 1)
CISARUA,28.711,59.817,59.521,46.105,46.105,48.53849999999999,60.5830517919961,2,Pasar Perintis / Skala Terbatas (Tier 3)
CISEENG,31.974,57.386,56.952,61.931,61.931,52.06075,93.69174954650653,2,Pasar Perintis / Skala Terbatas (Tier 3)
CITEUREUP,25.637,91.335,90.909,102.047,102.047,77.482,298.04579318953074,0,Hub Komersial & Pertumbuhan Agresif (Tier 1)
DRAMAGA,26.996,79.516,79.084,62.904,62.904,62.125,133.01229811823976,1,Pusat Perdagangan Terbentuk / Skala Besar (Tier 2)
GUNUNG PUTRI,13.819,71.891,72.357,96.284,96.284,63.58775,596.750850278602,0,Hub Komersial & Pertumbuhan Agresif (Tier 1)
GUNUNG SINDUR,13.819,58.89,58.744,41.117,41.117,43.1425,197.53961936464285,2,Pasar Perintis / Skala Terbatas (Tier 3)
JASINGA,50.395,41.71,41.966,77.154,77.154,52.80625,53.09852167873795,1,Pusat Perdagangan Terbentuk / Skala Besar (Tier 2)
JONGGOL,36.651,63.171,62.825,81.003,81.003,60.912499999999994,121.01170500122778,1,Pusat Perdagangan Terbentuk / Skala Besar (Tier 2)
KELAPA NUNGGAL,21.009,68.288,68.628,58.715,58.715,54.160000000000004,179.47546289685374,2,Pasar Perintis / Skala Terbatas (Tier 3)
KEMANG,24.348,82.468,82.364,43.548,43.548,58.182,78.85657959586004,2,Pasar Perintis / Skala Terbatas (Tier 3)
LEUWILIANG,56.629,45.98,45.864,77.909,77.909,56.5955,37.57791944056933,1,Pusat Perdagangan Terbentuk / Skala Besar (Tier 2)
LEUWISADENG,33.875,53.028,52.901,60.631,60.631,50.10875,78.98450184501846,2,Pasar Perintis / Skala Terbatas (Tier 3)
MEGAMENDUNG,27.429,64.549,64.193,67.273,67.273,55.861,145.26231360968316,1,Pusat Perdagangan Terbentuk / Skala Besar (Tier 2)
NANGGUNG,39.749,82.229,82.019,68.909,68.909,68.2265,73.36033610908451,1,Pusat Perdagangan Terbentuk / Skala Besar (Tier 2)
PAMIJAHAN,47.634,61.441,61.204,13.923,13.923,46.0505,-70.77087794432548,2,Pasar Perintis / Skala Terbatas (Tier 3)
PARUNG,20.965,97.682,97.47,58.715,58.715,68.708,180.06200810875268,1,Pusat Perdagangan Terbentuk / Skala Besar (Tier 2)
PARUNG PANJANG,28.947,77.019,76.637,76.708,76.708,64.82775000000001,164.9946453863958,1,Pusat Perdagangan Terbentuk / Skala Besar (Tier 2)
RANCA BUNGUR,20.785,64.407,64.297,33.808,33.808,45.82424999999999,62.65576136636998,2,Pasar Perintis / Skala Terbatas (Tier 3)
RUMPIN,51.389,97.24,97.341,83.474,83.474,82.36099999999999,62.43554067991204,1,Pusat Perdagangan Terbentuk / Skala Besar (Tier 2)
SUKAJAYA,39.18,96.505,96.243,59.479,59.479,72.85175,51.80959673302705,1,Pusat Perdagangan Terbentuk / Skala Besar (Tier 2)
SUKAMAKMUR,47.758,48.749,48.414,65.821,65.821,52.6855,37.821935591942704,2,Pasar Perintis / Skala Terbatas (Tier 3)
SUKARAJA,28.679,31.0,30.857,96.355,96.355,46.722750000000005,235.97754454478888,0,Hub Komersial & Pertumbuhan Agresif (Tier 1)
TAJUR HALANG,17.07,53.44,53.602,41.288,41.288,41.349999999999994,141.87463386057408,2,Pasar Perintis / Skala Terbatas (Tier 3)
TAMANSARI,21.264,37.427,37.317,54.417,54.417,37.60625,155.91139954853276,2,Pasar Perintis / Skala Terbatas (Tier 3)
TANJUNGSARI,11.285,40.976,41.293,38.085,38.085,32.90975,237.48338502436863,2,Pasar Perintis / Skala Terbatas (Tier 3)
TENJO,35.156,55.402,55.902,53.546,53.546,50.00149999999999,52.30970531346001,2,Pasar Perintis / Skala Terbatas (Tier 3)
TENJOLAYA,25.912,51.234,51.063,51.0,51.0,44.80225,96.8200061747453,2,Pasar Perintis / Skala Terbatas (Tier 3)
